round,num_new_labeled,num_pseudo_labeled,num_total_labeled,eval_acc,eval_pre,eval_recall,eval_f1,pseudo_acc,threshold,decay_rate
0.0,,,997.0,0.6330128205128205,0.7452360972380027,0.5012019230769231,0.5967464408813379,,0.046,0.001
1.0,200,0,1197.0,0.6330128205128205,0.7452360972380027,0.5012019230769231,0.5967464408813379,,0.046,0.001
